"direccion";"latitud";"longitud"
"KM 7 AUTOPISTA FLORIDABLANCA";7,08524;-73,10344
"Carrera 37 No. 7-49 ZONA INDUSTRIAL DE SAN ANDRESITO";4,61354;-74,10262
"Carrera 34N 12A-45";4,61615;-74,09625
"ANILLO VIAL VIA GIRON KM 2 - 46";7,07628;-73,17665
"KM 3 VIA LIBARE - LA FLORIDA";4,8;-75,69832
"KM 2 , VDA LA MIEL";6,1018;-75,62125
"GRANJA VILLA RUTH VDA RUITOQUE BAJO ENTRADA NUEVA BOSCONIA";7,06721;-73,10016
"Calle 19 N 63-09 BARRIO LA VENTA";4,3331;-74,36763
"AUTOPISTA SUR NO 69 - 00 INT 2";4,59847;-74,12603
"Calle 44 N° 17B-21 BARRIO VILLA SUAREZ";4,15395;-73,61628
"Carrera 143 No 0-84";3,69973;-76,31777
"Carrera 22A NO 15-61 CENTRO";1,21125;-77,27988
"KM 13 VIA A CLAI - POPAYAN";2,62195;-76,57041
"CALLEJON GUACARI VIA CANANGUA";3,76424;-76,33293
"KM 29 AUNORTE VIA A LA COSTA";6,44442;-75,36235
"Carrera 62B No 33 SUR 93 VEREDA LA VERDE SAN ANTONIO DE PRADO (MEDELLIN)";6,18524;-75,00293
"Calle 60 No. 93-80";4,6818;-74,06677
"CALLEJON BUENAVENTURA 22-57 - CORREGIMIENTO NARIÑO";4,08598;-76,19632
"KM 8 VIA CHACHAGUI";1,36103;-77,28348
"Carrera 6 No 15-114 - CORREGIMIENTO DE ANACARO";4,79626;-75,99571
"CORREGIMIENTO LA BUITRERA, VDA CHONTADURO";3,49481;-76,20873
"Carrera 28 No 69-29";3,55557;-76,29198
"Calle 30 FRENTE ENTRADA AL AEROPUERTO ERNESTO CORTISSOZ";10,8861;-74,7766
"Carrera 30 No 28A-180 BARRIO HIPODROMO";10,92738;-74,77791
"KM 5 VIA AL CORREGIMIENTO DE BONDA";11,23541;-74,12816
"KM 7 VIA A GAIRA";11,18923;-74,22097
"Avenida LOS ALAMOS Calle LAURALES VIA MAMONAL KM 1";10,36265;-75,50776
"KM5 VIA CERETE CIENAGA DE ORO";8,87167;-75,619
"VIA PUERTO SANTANDER VDA LOS PERACOS LOTE 1A";7,86756;-72,50258
"KM 2 AU FLORIDABLANCA - PIEDECUESTA";7,06719;-73,10017
"KM 10 VIA RIONEGRO PLAYON VDA FLORENCIA EL CABALLITO";7,26482;-73,1497
"PLANTA DIAMANTE - VDA GUATIGUARA";6,99696;-73,06454
"Calle 1 Carrera 1 CIUDADELA INDUSTRIAL DUITAMA";5,83759;-73,02246
"KM 63 VIA BOGOTA VILLETA VDA LA MARIA";4,87901;-74,43744
"Carrera 68D No 12-37";4,63717;-74,12327
"Carrera 33 No 10 - 79";4,61394;-74,09722
"TR 81F No 34 A -08  SUR";4,61496;-74,06941
"Carrera 32 No  10-07";4,61188;-74,09696
"Calle 17 B No  32-28";4,67719;-74,14947
"Carrera 79 C No 16 C-12";4,6574;-74,12903
"VDA SANTA TERESA";4,13199;-74,52756
"VEREDA ALTOS COMBEIMA-KM 1 VIA TOTUMO";4,3778;-75,18387
"KM 2 VIA AL CAIMO, VDA SAN PEDRO";4,53004;-75,68836
"KM 2 VIA AL AEROPUERTO EL EDEN";4,46133;-75,76652
"Calle 1 No  10 W - 151. BRR PEDREGALES";4,81859;-75,676
"VEREDA EL TAMBOR- SECTOR CEBADAL";1,09433;-77,3952
"CORREGIMIENTO GUAYAVITO-PASIZARA  DE CHACHAGUI";1,36103;-77,28348
"SINDATO";3,40739;-76,34881
"KM 3 VIA BUGA - TULUA";3,90089;-76,29783
"KM 8 VIA CALI CANDELARIA CLJON SAN JUAN";3,40977;-76,41381
"KM 2 VDA SAN MIGUEL";3,85123;-73,74032
"KM 4 VIA ACACIAS";4,0885;-73,6704
"CAPITAL DE META";4,13235;-73,62193
"Calle 12B No 44 - 39";4,62353;-74,10358
"Calle 7 No 16 - 119 CAMPOALEGRE";7,1179;-73,21451
"Carrera 21 NO 28-14";5,06993;-75,51351
"Avenida CIUDAD DE CALI No 14-06 PISO 4";4,51679;-74,12003
"KM 32 VIA CARTAGENA GAMBOTE";10,16652;-75,2993
"Carrera 9 Calle 23 ANTIGUA VIA AL GUAMO";4,14329;-74,89505
"KM 1 VIA CAUCASIA - MONTERIA";7,98821;-75,19785
"DIRECCION PLANTA: KM 7 VIA AGUACHICA - BUCARAMANGA
DIRECCION CORRESP: Carrera  37  No. 53-13 Cabecera del Llano";8,94;-73,73734
"Calle 9 No 11-49 BARRIO Kennedy";5,12701;-74,16066
"VDA CENTRO";4,88892;-73,36896
"Carrera 9 No 5A 15";-4,21867;-69,94001
"Carrera 3 Calle 2";5,87327;-73,67927
"BARRIO SAN CRLOS SALIDA A BALBOA";4,90154;-75,87958
"VEREDA CHANARRO BAJO CORREGIMIENTO DE TUTACHAG";1,08317;-77,63209
"PALACIO MUNICIPAL";5,61211;-72,97905
"Carrera 11 No 16-55";5,08685;-73,3637
"Calle 15 No. 2W - 36 BARRIO RANCHOLINDO";-0,19337;-74,78189
"VDA MONIQUIRA KM 1 VIA VILLA DE LEYVA - LA ALEJANDRIA";5,63348;-73,52395
"Calle 5 No 3 - 31 CORREGIMIENTO DE FLORENCIA";5,56889;-75,05883
"KM 2 VIA VALLEDUPAR ADENTRO MARGEN DERECHA";10,77378;-73,00111
"VDA QUERENTE";4,44031;-74,0328
"Calle 14 No 8A - 06  KM 1 VIA SALIDA A VALLEDUPAR";10,60711;-72,98131
"Carrera 7 No 1-36 O Calle CENTRAL, SALIDA AL CEMENTERIO";9,35878;-73,59982
"SALIDA A LA VDA EL PALMAR";5,54194;-74,02111
"Carrera 4 N°6,01 VDA LA PALMA";6,45998;-72,50088
"Carrera 3 No 3 . 57 BARRIO EL CENTRO";7,26825;-72,64236
"Calle 64 No 36 B - 161";7,07083;-73,84993
"Calle 5 NO 2 - 05 - RESGUARDO";4,53004;-73,92199
"Carrera 4E No 5 - 120 BR CRMENZA ROCHA";3,72365;-75,48483
"Avenida INDUSTRIAL KM 1 LA FRAGUITA  VIA ZIPAQUIRA BOGOTA";5,02576;-74,0029
"VDA EL RESGUARDO";5,55944;-73,65306
"ALCALDIA MUNICIPAL O Carrera 2 ENTRE 14 Y 15  VDA LAS LOMAS";4,37788;-74,67006
"Calle 50 No 23 - 50";6,359;-75,4924
"PALACIO MUNICIPAL";5,42103;-75,70286
"TRANSVERSAL 1 No 34 – 250 BARRIO SALINAS";6,96821;-71,86602
"VDA SAN ROQUE";5,99699;-73,56958
"CLL 3 No.10-42";4,97486;-74,28985
"Carrera 9 No 5- 36";4,58011;-74,44645
"BARRIO PABLO VI PERIMETRO URBANO";7,00111;-72,10886
"VDA CRTAGENITA KM 3 VIA BOGOTA";4,8094;-74,35443
"CAPITAL DE ARAUCA";7,08694;-70,75868
"KM 5- VIA VDA SAN MARTIN";4,99232;-73,87156
"KM 13 VIA  CORNEJO - SAN CAYETANO";7,87879;-72,62643
"KM 6  VIA A NORCASIA";5,45461;-74,66294
"CAPITAL DE META";4,13235;-73,62193
"KM 3 VIA A COROZAL- SINCELEJO";9,31945;-75,29288
"CENTRO POBLADO CUMACA";4,33812;-74,47065
"KM 2 VIA VDA EL BAURA";3,88399;-74,93212
"Avenida CIUDAD DE CALI No 15A - 91";4,65753;-74,13763
"Calle 8A No 27 -46";4,9986;-74,61474
"KM 5 VARIANTE TOCAIMA - GIRARDOT. LOTE UMATA";4,45856;-74,63631
"AUTOPISTA SUR NO 66 - 78";4,59847;-74,12603
"BARRIO SAN JOAQUIN VIA SALIDA AUTOPISTA MEDELLIN -BOGOTA";4,70087;-74,09387
"Calle 1A Carrera 6A";5,20759;-74,88895
"VDA LA CHAPA";4,23868;-75,23963
"Calle 15 Carrera 19 ESQUINA";10,90063;-74,88568
"KM 1 A LA VDA SANTAROSA";5,73014;-73,9332
"Calle 16 NORTE 1 N 21";3,50421;-76,50283
"KM 11 VIA CANDELARIA INTERIOR CAVASA";3,40739;-76,34881
"VDA PUEBLO VIEJO VIA UBATE";4,92543;-73,94437
"VDA CAJAMARQUITA  VIA CAJAMARCA - ARMENIA";4,44164;-75,4269
"Carrera 12 CON Cl 10 BR CIENAGA";7,35132;-73,89187
"BARRIO CHAPINERO PASCA";4,81132;-74,35044
"BARRIO SANTA CECLILIA “CASCO URBANo”";4,76054;-74,46317
"Carrera 6 No 1-46";5,18975;-74,48175
"Calle 11 No 14 - 28 ALCALDIA MUNICIPAL";4,5194;-74,35167
"Carrera 3  N° 21A 52";4,9946;-74,33783
"VDA RESGUARDO";5,30656;-73,71173
"Carrera 18 NO 11A - 18";5,14195;-70,85838
"Calle 12 No 20 A-250";3,86195;-75,5082
"VIA MANIZALEZ ENTRADA EL CAMPEON FRESNO";5,15421;-75,0408
"KM 1 VIA A SANTA TERESA";4,92103;-75,06534
"KM 1 VIA CALARCA SECTOR LA MARIA";4,53087;-75,66594
"VDA EL PALMAR";4,97056;-73,6
"ZONA RURAL VDA SAN MIGUEL CENTRO VIA VDA PARAISO";5,06224;-74,23613
"BARRIO PLAZA DE FERIAS";5,58371;-72,63683
"Carrera 5 No 2 - 51 USME CENTRO";4,58824;-74,07837
"Calle 6 No. 4-54";5,95612;-73,70112
"VDA JUAICA-CARRONMUNICIPIO DE TABIO";4,91769;-74,09676
"VDA CARRIZAL";5,59833;-73,60583
"VDA PUEBLO VIEJO";4,92543;-73,94437
"Calle 14 CON CIRCUNVALAR SECTOR URBANO";5,00699;-73,47311
"VDA SAN IGNACIO PARTE BAJA, SECTOR ULAGALZONA RURAL";6,31707;-72,55997
"PALACIO MUNICIPAL VDA TOIBITA BAJO";5,78091;-73,1177
"BARRIO LA PORTADA COMPLEJO GANADERO";4,72177;-73,96791
"SALIDA A CHIQUINQUIRA KM 1";5,50351;-73,85102
"Calle 3 No 6-10 CENTRO";5,36536;-73,52249
"GRANJA MUNICIAPL KM 3 VIA LA UVITA";6,3305;-72,58526
"VDA LA COSTA, SECTOR PICACHO, KM 2 VIA SOATA - LA UVITA";6,33268;-72,68281
"Carrera 4 NO 1 -58";5,98763;-72,9128
"Carrera 6 H ESTE No 113 - 20 SUR";4,61496;-74,06941
"VDA AGUA TENDIDA";5,83759;-73,02246
"VDA EL PLACER VIA PULI - GIRARDOT";4,68235;-74,71494
"Carrera 4 CON Calle 15 ESQUINA";4,5798;-74,21667
"Carrera 17 No 46-30 BARRIO SUCRE";5,75327;-72,92044
"Carrera 12 Calle 9";4,86025;-74,06204
"VIA AL MOLINO 500 MTS - VDA CENTRO VIANI CUNDINAMARCA";4,87386;-74,56235
"KM 2 VIA CHIGUALA - LENGUAZAQUE";5,21583;-73,59395
"CASA DE COBURGO BOSQUE BONET";4,32594;-74,41019
"Calle 4 No 3 - 56  ALCALDIA MUNICIPAL";5,16636;-73,36833
"KM 1 VIA A SAN ALBERTO - LA PEDREGOSA";7,76064;-73,38916
"TR  3 VIA SALIDA A CAMPOHERMOSO";5,10154;-73,0507
"VDA SAN ANTONIO KM 6 VIA PAIPA";5,68977;-73,22755
"Calle 7 NO 6 -42";5,51931;-73,72318
"KM 1 VIA CHINAVITA VDA SASTOQUE";5,31658;-73,39663
"VDA VIJAGUAL";4,97197;-73,31965
"SALIDA VDA QUIMCHITA";4,33901;-73,93917
"Carrera 8 Calle 5 VIA A PEAZ";5,19686;-73,14463
"VDA RESGUARDO SEGUNDO, CUARTO EL CRISAL";4,81755;-73,63624
"VIA LA QUINTA, VDA PUENTE TIERRA ALTO LA MARIA";4,40309;-74,02524
"Carrera 17 NO 60 - 269";5,06125;-75,48392
"KM 4 VIA SONSON BRR LOS ANDES";5,45461;-74,66294
"KM 3 VIA A PEREIRA";4,80506;-75,6937
"Carrera 6 NO 6 - 23 KM 1 SALIDA A SALAMINA";5,2711;-75,49058
"VDA EL CHAGUALO KM 1.5 VIA EL PEÑOL";6,17388;-75,33439
"Carrera 48 No 49 B SUR 45";6,16282;-75,60289
"PARAJE EL SOCORRO";6,44676;-74,87749
"Carrera 4 NO 18 - 34";5,40123;-75,54595
"KM 15 VÍA TURBO – VDA AGUAS DULCES CORREGIMIENTO CURRULAO";8,09298;-76,72895
"PALACIO MUNICIPAL KM 1 VIA A SAN FELIX";5,4034;-75,48681
"Carrera 50 No  70 - 36";5,92956;-75,67374
"Calle 13 No 22 - 151";6,4395;-75,3353
"PALACIO MUNICIPAL";5,42103;-75,70286
"KILM 1 VIA LA COSTA OFICINA CLL 22  19-33 PISO 2";6,96263;-75,41777
"SALIDA CAMPAMENTO - YARUMAL";6,96005;-75,33449
"Calle MARIA DEL PARDO, 0,5 KM VIA OTU";7,02812;-74,69495
"Carrera 20 No 17-13";6,32591;-75,76878
"Carrera 7 CON Calle 10 ESQUINA VDA LA UNION SOBRE LA VIA QUE CONDUCE A SUPIA";5,42151;-75,70309
"PALACIO MUNICIPAL";5,22261;-76,02959
"Calle 20 No 19 - 36 SALIDA A SANTO DOMINGO";6,37766;-75,14114
"Carrera 23 No 22 B - 86 SECTOR LA VEGA";7,20915;-75,90177
"VDA PARAJE ATANASIO";5,87575;-75,56803
"Calle 27 No 027 Barrio JORGE TULIO GARCES";5,87229;-74,6408
"PALACIO MUNICIPAL";5,42103;-75,70286
"KILOMETRO 2,5 VEREDA RIO ARRIBA";5,71281;-75,27945
"Calle 103 EE No 63 D - 69";6,3063;-75,58505
"KM 0.5 DE ABEJORRAL VIA EL CAIRO-SANTA BARBARA";5,78951;-75,42729
"Carrera 29 NO 25 - 63";6,07999;-75,33255
"SALIDA POR LA Calle  DE LA LLANA";6,77301;-74,79842
"KM 1 VIA CONCORDIA - BETULIA SECTOR PEÑITAS";6,04647;-75,90703
"Carrera CORDOBA No 17 - 84 (VIA DE SALIDA AL MUNICIPIO DE ALEJANDRIA)";6,39423;-75,25812
"BARRIO MANGURUMA-SECTOR LA MANDARINA";6,78186;-76,12918
"Carrera 49 A No 52 -27";6,72566;-75,28068
"PALACIO MUNICIPAL";2,5497;-76,06368
"LA PLAYA KM 5 VIA TURBO";8,42742;-76,78301
"Calle 34 No  12 - 61";5,4522;-75,65012
"KM 1, VIA SAN RAFAEL";7,79177;-74,77316
"Carrera 11 No 6-25";5,20085;-75,8688
"JUAN KM 6 VIA A LA COSTA";6,64719;-75,46025
"Carrera 48 No 445 - 85 VDA 11";5,85366;-76,01921
"BARRIO VILLA CRUZ SALIDA AL CERRO LAS LAJAS";8,84965;-76,42596
"PARAJE LA FLORIDA KM 1 CABECERA MUNICIPAL";6,88547;-75,33491
"Calle 30 No 17 - 398 SECTOR MATADERO";5,96272;-75,97857
"Calle 17 NO 9 - 02";4,9406;-75,73822
"Calle 50 No 23 - 50";6,359;-75,4924
"Carrera 4 Calle 7 ESQUINA PLAZA PALACIO MUNICIPAL VDA TABLA ROJA";5,23307;-75,78605
"Carrera 29 No 30 - 92 CASCO URBANO";5,73091;-75,14113
"Calle 64 Carrera 12 BARRIO NUEVO HORIZOLTE";6,49008;-74,40616
"Carrera 14 CON Calle 12 CAM";4,86695;-75,61955
"Avenida MEDELLIN PLAZA DE FERIAS";6,30276;-75,56234
"TR 49 No 33 - 200";6,14901;-75,37217
"Calle SAN PEDRO";6,4714;-75,16428
"0,7 KM. HACIA EL POTRERO, SECTOR LA CANCHA";6,30587;-75,37365
"PALACIO MUNICIPAL";5,42103;-75,70286
"BARRIO EL EDEN";6,64487;-76,08422
"SECTOR  LA PESA";6,69409;-73,01853
"Carrera 8A CON Calle 18 BRR PUEBLO NUEVO";5,31695;-74,90502
"BARRIO SAMPER PIZANO";5,6922;-76,65722
"Calle CONDE SECTOR EL MOLINO";5,54879;-75,6441
"SECTOR MATADERO";5,79274;-75,78639
"Calle 26 PUEBLO NUEVO";8,41408;-76,6423
"SALIDA A PACORA SECTOR ZONA URBANA LA GRANJA";5,61217;-75,45652
"PALACIO MUNICIPAL";5,42103;-75,70286
"PALACIO MUNICIPAL";5,42103;-75,70286
"KM 1 VIA MATUPA";3,69824;-73,6978
"105 KM DE VILLAVICENCIO";4,13332;-73,58681
"KM 5,3 VDA AGUA AZUL";2,18237;-73,78482
"Carrera 11 Calle 1 Via Piñalito";3,12428;-73,75156
"65 KM DE YOPAL";4,91904;-72,67475
"KM 1 VDA SAN MIGUEL";3,85122;-73,74031
"BARRIO SIMON BOLIVAR";3,53741;-73,80063
"95 KM DE YOPAL";5,82951;-72,16334
"KM 1 VIA ITIBANA - RIO TAME";6,46392;-71,72776
"Carrera 14 N° 5-23 Barrio el Progreso";4,6163;-72,92806
"CAPITAL DE CASANARE";5,33529;-72,39373
"KM 1 VIA A VILLAVICENCIO";4,14557;-73,65598
"120 KM DE YOPAL";5,40822;-71,66158
"KM 3 VIA PUERTO LOPEZ SECTOR BATEAS";4,31261;-72,08191
"10 KM DE VILLAVICENCIO";4,13235;-73,62193
"CAPITAL DEL GUAVIARE";2,56869;-72,64097
"Calle 7 No 3 - 10 SECTOR LA PESA";6,63861;-73,28639
"Calle 11 No 10 - 07 ALCALDIA MUNICIPAL KM 2  VIA AL CARMEN";6,87988;-73,41004
"KM 1 VIA VDA EL RESGUARDO (LABATECA - PAMPLONA) MARGEN DERECHO";7,29952;-72,49493
"VDA TESCUA EL DIAMANTE";7,56552;-72,634
"BARRIO CATALUÑA 1K VIA TIBU";7,13769;-72,6645
"KM 1 VIA SAN LORENZO";6,31388;-73,9502
"PLAZA DE MERCADO Calle 7 No 3-16 - ALCALDIA: Carrera 5 NO 5-22";6,29594;-73,04039
"PLAZA DE MERCADO Calle 7 No 3-16 - ALCALDIA: Carrera 5 NO 5-22 - CORREGIMIENTO CINCELADA";6,29482;-73,04056
"ALCALDIA MUNICIPAL";7,37663;-72,64627
"Carrera 3 NO 1 IMPAR BARRIO URIBE URIBE";5,93096;-73,6165
"Calle 5 No 3-62";6,2917;-73,4729
"Carrera 20-19 PAR";6,2849;-73,15128
"ZONA INDUSTRIAL KM 2 VIA A CUCUTA";6,69802;-72,73333
"Carrera 5 No 9 - 39 ALCALDIA MUNICIPAL";6,01661;-73,6709
"Carrera 40 BARRIO LAS FERIAS";8,26458;-73,3586
"Calle 2 No 6 - 15  ALCALDIA MUNICIPAL";7,77287;-72,81129
"KM 1 VIA ICONONZO - MELGAR VDA PORTACHUELO";4,17908;-74,5365
"Carrera 6 SECTOR SAN ROQUE";6,54247;-73,30811
"Carrera 9 No. 3 ESQUINA BARR SAN ROQUE";6,44727;-73,14514
"Carrera 4 No 5 -31";6,24682;-73,41829
"PALACIO MUNICIPAL";5,9302;-73,61828
"Carrera 3 No 3 - 40";6,41558;-73,16967
"Calle 17 No 7 - 29 BARRIO CRVAJAL";7,39045;-73,49869
"Calle 3 Carrera 2 ESQUINA";6,57481;-72,64533
"Calle 14 # 20 PAR- BARRIO NARANJITO";6,46919;-73,26065
"KM 1 VIA AL SOCORRO - VIÑA DEL PRADO";6,55234;-73,13161
"KM 8 VIA BUCRMANGA - RIONEGRO";7,1171;-73,12927
"Avenida SANTA HELENA";6,73222;-73,77472
"PALACIO MUNICIPAL";5,9302;-73,61828
"Carrera 8 AL LADO DE LA PLAZA DE MERCADO";5,94488;-73,34435
"Calle 7 ENTTRE CRS 8 Y 9";6,47768;-72,97032
"Carrera 4 NO 5-26";6,42717;-72,86848
"Carrera 4 No 4 - 05  ALCALDIA MUNICIPAL";4,0602;-74,69179
"Carrera 3 CON Calle 2 ESQUINA";6,16202;-73,52195
"CENTRO URBANO Calle 2 # 2-20";6,34604;-72,81782
"Calle 6 No 4 - 37";6,34096;-73,12295
"Calle 10 No 6 - 36  ALCALDIA MUNICIPAL";6,26441;-73,29832
"KM 1 VIA A LA VDA LA LAJITA MARGEN DERECHA";6,67138;-73,17457
"Carrera 6 NO. 7 VIA FLORIAN";5,87534;-73,78292
"KM 0,5 VIA VDA VUELTIADA- FLORIAN";5,80213;-73,97184
"CENTRO URBANO Carrera 1 # 2-96, CLASE: MINIMA";43,46155;-3,81006
"BARRIO LA INMACULADA";8,08095;-73,22052
"Avenida 6 No 7 N -130 ZONA INDUSTRIAL  KM 10 VIA PUERTO SANTANDER";7,9542;-72,50651
"Carrera 7 ENTRE Calle 27 Y 26 BARRIO GRAN COLOMBIA";6,31994;-75,56246
"Calle 3 ENTRE CRS 3 Y 4";6,44165;-73,33712
"ZONA INDUSTRIAL CHAPETON KM 3 VIA AL NEVADO";4,4377;-75,23863
"Carrera 9 Calle 23 BARRIO SANTA MARGARITA MARIA";4,15255;-74,88569
"VDA LA FLORIDA";3,50015;-74,73339
"VDA BALSAS, 1,5 KM VIA SAN CARLOS";6,29522;-75,02812
"Carrera 1 NO 8A - 96 BARRIIO LA POLA";2,38931;-75,89099
"Carrera 14 NO 14 - 00 BARRIO PORVENIR";1,86392;-76,0471
"Calle 7 VIA RIO LUISA";4,01667;-74,88333
"Carrera 5 NO 81S - 45 KM 12 VIA AL SUR";2,77882;-75,25819
"CARRETERA NACIONAL KM 2 ZONA INDUSTRIAL";4,8593;-74,91065
"Carrera 6 BERRIO No 1-74";5,59797;-75,82007
"VDA LA FLORIDA";3,50015;-74,73339
"PALACIO MUNICIPAL";4,14734;-74,72022
"KM 5 VIA A MORELIA";1,61165;-75,61055
"Carrera 43 No 30-05";4,74446;-74,17161
"Avenida CIRCUNVALAR TV 21";2,92095;-75,2852
"VDA CENTRO PROLONGACION Calle 2 da";5,61694;-73,62092
"Carrera 2 ENTRE CLS 12 Y 13 BARRO LAS FERIAS";1,97354;-75,93206
"Calle 13 ENTRE Carrera 6 Y 7";2,89198;-75,43232
"VDA EL TENDIDO VIA A LA GRAN VIA";2,38772;-75,54794
"BARRIO I DE MAYO";19,17599;-99,4255
"KM 1 VIA EL DONCELLO";1,68082;-75,2849
"KM 2 VIA EL AGRADO VDA EL CARMEN";2,26611;-75,80609
"Carrera 9 CON Calle 9";4,29044;-74,80837
"Calle 7 Carrera 2 ESQUINA BARRIO ANDAKY";1,8043;-75,89055
"Carrera 4 VIA VDA EL ARENOSO BARRIO PUERTO LIMON";1,9098;-75,15845
"Calle 6A NO 4-72";3,39134;-74,93229
"KM 1 VIA A FLORENCIA";1,68082;-75,2849
"Calle 44 NO 21-140";10,44588;-73,24902
"CARRETERA PPAL VIA A MANATI KM 2";10,63096;-74,92105
"Calle 11 No 7-17";10,78943;-74,75794
"Carrera 4 No 5 - 68 BARRIO LAS DELICIAS";10,3906;-73,16944
"VIA VDA SAN JOSE DE TABUAJE";8,95641;-73,62158
"Carrera 11 VIA AEROPUERTO - SOLEDAD";10,91755;-74,77499
"CENTRO GANADERO DE GAIRA DETRAS DE LA BOMBA ZUCA";11,24386;-74,21049
"KM 1 VIA A CARRAIPIA";11,25478;-72,36092
"SEXTA ENTRADA 600 MT VIA A CRCOLI";10,86358;-74,77627
"KM 3 VIA ORIENTAL MALAMBO";10,86358;-74,77627
"KM 2 VIA CARRETERA PIVIJAY- FUNDACION";10,44599;-74,40683
"KM 1 VIA A CARRAIPIA";11,25478;-72,36092
"Carrera 18 ENTRE Calle 9 Y 10 BARRIO GALAN";11,54485;-72,90643
"KM 1 MARGEN DERECHA VIA CAÑO ADENTRO";9,56146;-73,3332
"BIBLIOTECA MUNICIPAL 2DO PISO OFC 201";9,00313;-73,97377
"Calle 13 BARRIO  SAN RAMON";10,03825;-73,20211
"Calle LOS  ALMENDROS No 3 A 26";9,43462;-74,70383
"BARRIO LA QUINTA  - ALCALDIA MUNICIPAL";8,2928;-73,3855
"KM 2 VIA CERETE SAN PELAYO";8,88655;-75,79153
"Calle 29 No. 36A - 54";8,74096;-75,86189
"CARRETERA LA TRONCAL";10,34705;-75,23487
"CARRETERA A VILLANUEVA KM 1";10,44544;-75,36948
"KM 5 VIA YATI";9,24536;-74,75815
"Carrera 3 No 5 - 104";6,00902;-73,67522
"KM3 VIA SAN BERNAROD DEL VIENTO";9,31532;-75,89
"BARRIO ALFONSO LOPEZ - VIA VILLANUEVA";8,34094;-76,11697
"BARRIO CINCO DE OCTUBRE- CAMINO KALIMBE- KM 3 VIA A TURBACO";10,33328;-75,4126
"Calle 12 No 1 - 20";0,8721;-77,80803
"ALCALDIA MUNICIPAL BARRIO MARCO FIDEL SUAREZ";0,66765;-76,87099
"KM 4 VIA A PLACER VDA LAS VEGAS";0,42303;-76,90541
"Carrera 16 Calle 3 ESQUINA  ALCALDIA MUNICIPAL";3,00633;-76,48233
"KM 5 VIA NIZA JONGOVITO PASTO";1,18483;-77,28794
"ZANJON HONDO  KM 2 VIA BUGA - PALMIRA";3,90089;-76,29783
"PALACIO MUNICIPAL";2,75493;-76,62899
"Calle 10 ENTRE Carrera 3B Y 3C No 4-14 BARRIO EL ROSARIO";2,63967;-76,52892
"Calle 9 No 30 - 96  CUASPUD CHIQUITO";0,90596;-77,78944
"Calle 6 KR 10 ESQUINA  ALCALDIA MUNICIPAL";3,41981;-76,24131
"Carrera 25 No 25 - 04";4,08538;-76,1978
"VEREDA SAN MIGUEL";1,17506;-76,8783
"ALCALDIA MUNICIPAL";4,41021;-76,15387
"Calle 19 Carrera 20 ESQUINA BARRIO OSPINA PEREZ";2,35184;-76,68161
"Calle 8 No 26-46";3,3264;-76,2425
"Carrera 3 E No 14 A - 98";2,44781;-76,58466
"Carrera 6 Calle 18 SALIDA AL ALIZAL";4,38709;-76,07018
"Calle 21 Carrera 10 BARRIO SAN PABLO";4,54116;-76,09778
"Calle 3 No 10 - 29 BARRRIO EL COMERCIO- PLAZA ´PRINCIPAL";1,40687;-77,39104
"Carrera 3 Avenida PERIMETRAL IPIALES";0,82253;-77,62027
"Carrera 16 Calle 8 EDIFICIO C.A.M. CUARTO PISO";4,33174;-75,82956
"KM 1 VIA PAMPLONA - LABATECA";7,37705;-72,64722
"Calle 10 No 6 - 25";3,93101;-76,48361
"Carrera 10 No  9-30";3,65789;-76,69459
"PALACIO MUNICIPAL LA FLORIDA";1,51628;-77,04528
"Calle 9 No 2 - 47 ALCALDIA MUNICIPAL";3,00633;-76,48233
"VDA PEÑASORA KM5 VIA MOCOA";0,50317;-76,49946
"KM 6 VIA PITALITO VDA ALTO AFAN";1,15124;-76,64862
"Carrera 3RA Calle 4TA ESQUINA - PALACIO MUNICIPAL";1,33714;-77,59242
"KM 7 VIA SANTO DOMINGO";7,47866;-73,92161
"Calle 3 No 2-31";7,86407;-72,71754
"Carrera 13 NO: 8-106";3,76872;-76,33828
"Carrera 6 N. 12-27 PLAZA BOLIVAR";4,45378;-75,79056
"BARRIO LA MILAGROSA";5,61015;-75,17626
"Calle 9 NO 15 - 21";5,06084;-75,87217
"SALIDA A PUERTO BERRIO KM 1";6,53857;-75,08755
"Carrera 9 No  11 - 78";7,00369;-76,26651
"VIA A YOPAL A 500 MTS CASCO URBANO";5,88066;-71,89285
"ESTACION DEL FERROCRIL";9,36196;-73,60232
"KM 2 VDA PEÑA VIVA, VIA RAMAL ACCESO BOCHALEMA";7,61094;-72,64755
"KM 1 VIA EL ZULIA - ASTILLEROS";7,93819;-72,60507
"Carrera 7 ENTRE CLS 10 Y 11  BARRIO  LA  PESA";8,08451;-72,79855
"COSTADO NOROCCIDENTAL AL LADO DE LA QUEBRADA EL PLAYON";8,21403;-73,2379
"Calle 12 CON Carrera 15";1,19941;-76,91876
"VDA EL BOSQUE, TELEFONO: 3132072678";6,53195;-73,17266
"Carrera 6 NO 4-35 CENTRO";6,75552;-73,10329
"Carrera 6 NO 6 - 41";4,67506;-75,65832
"ANTIGUA VIA SAN CRLOS KM 1,1 VDA EL PALMITO";8,87167;-75,619
"KM 1 + 600 M VIA FONSECA - LOS ALTOS";10,88691;-72,84613
"VDA EL ZANCUDO";5,89163;-75,65747
"KM 1 VIA VDA CENTRO AFUERA SECTOR PUEBLO VIEJO";6,67341;-72,80946
"SECTOR SAN ANTONIO";5,52106;-73,35818
"Carrera 6 CONTIGUO AL CEMENTERIO";5,02058;-75,6207
"BARRIO LA PISTA";5,0204;-75,62291
"Carrera 4 N. 5-70 BARRIO LA PUNTA";8,36157;-72,40844
"CRA 6 No. 08-39 BARRIO MELENDEZ";1,28628;-77,47261
"VDA LA UNION, PREDIO CHIRCAL";4,76287;-73,61085
"VDA RIO FRIO KM 4 ANILLO VIAL FLORIDABLANCA - GIRON";7,06164;-73,11908
"Km 1 via a chiquinquira";5,61673;-73,81644
"Carrera 80 NO 156-75 BARRIO COLINAS DE SUBA";4,61496;-74,06941
"KM 8 VIA LA PINTADA";6,09258;-75,63689
"KM 67 VIA CHINAUTA FINCA LA CALIFORNIA";4,29528;-74,45754
"Avenida 6A No.43 N - 28 Barrio La Campiña";3,48051;-76,5323
"Carrera 45 No 25 - 04";6,22694;-75,57392
"Carrera 44 No 61 SUR - 48";6,15562;-75,61006
"Calle 14 SUR No 51 C - 40";6,19444;-75,58998
"Carrera 29 C · 73-72";4,61496;-74,06941
"Calle 12 No 23 - 39";7,13562;-73,12376
"KM 13  VIA CORNEJO- SAN CAYETANO";7,87879;-72,62643
"Carrera 126A NO 17-90 INT 10";4,6901;-74,16172
"Carrera 5 NO 81S - 45 KM 12 VIA AL SUR";2,77882;-75,25819
"CENTRO GANADERO DE GAIRA DETRAS DE LA BOMBA ZUCA";11,24386;-74,21049
"Calle 44 NO 21-140";10,44588;-73,24902
"Avenida 127 No 71B – 49";4,70997;-74,07827
"AUTOPISTA SUR No 66-78 BODEGA B2";4,59847;-74,12603
"Calle 8 No 4-30 CENTRO";1,97298;-75,93248
"KM 1 VIA CAUCASIA - MONTERIA";7,98821;-75,19785
"Carrera 88 No 42 C - 61";6,28003;-75,54986
"Avenida Carrera 86 NO 15 A - 91";4,65683;-74,13882
"Calle 15 NO 4 - 52";5,3144;-73,81246
"ANTIGUA VIA SAN CRLOS KM 1,1 VDA EL PALMITO";8,87167;-75,619
"KM 6  VIA A NORCASIA";5,45461;-74,66294
"PARQUE INDUSTRIAL LA BADEA, MZ 4 BODEGA 9";4,85621;-75,66232
"KM 3 VIA ORIENTAL MALAMBO";10,86358;-74,77627
"Calle 12 N. 22-11";7,13542;-73,12484
"Calle 27 SUR No 29B-19";4,59454;-74,11883
"Calle 23  No 97-46";4,67767;-74,13679
"Calle 67 A No 51 D - 33";6,26401;-75,56344
"Calle 14 ESQUINA PARQUE PRINCIPAL, ALCALDIA MUNICIPAL";8,08153;-73,22091
"Calle 25 A SUR No 48 - 150";6,17287;-75,56042
"Carrera 35 B No 5 - 120 BODEGA 15 ACOPI";3,57746;-76,48619
"Calle 72 No 64 - 155";6,27002;-75,57312
"PLANTA DIAMANTE - VDA GUATIGUARA";6,98905;-73,04361
"Avenida 6 No 7 N- 130";7,90697;-72,50354
"Carrera 33 A No 32 - 119";7,12677;-73,11275
"Calle 15 Carrera 19 ESQUINA";10,90063;-74,88568
"Calle 80 SUR No 47 C - 24";6,14844;-75,62713
"VDA LOS PLANES";4,80506;-75,6937
"Carrera 43 A No 61 SUR 25";6,1526;-75,6109
"Carrera 40 No 17 A - 11";4,60418;-74,08365
"Calle 163 A No 8 A - 61";4,73875;-74,02723
"Carrera 49 No  130-57 PRADO VERANIEGO";4,71732;-74,05491
"Avenida Carrera 72 No  54-06";4,67225;-74,10564
"Calle 64 No 56 A - 13";6,26246;-75,57012
"Calle 19 No 68D-20";4,64615;-74,11752
"Calle 22 KL 1 VIA MAGDALENA";6,64355;-75,46427
"Avenida INDUSTRIAL KM 1 LA FRAGUITA  VIA ZIPAQUIRA BOGOTA";5,02576;-74,0029
"Carrera 56 No 62 - 86";6,26205;-75,57004
"Carrera 17 NO 60 -  269";5,06125;-75,48392
"AUTOPISTA SUR NO 66 - 78";4,59847;-74,12603
"KM 3 VIA A COROZAL- SINCELEJO";9,31945;-75,29288
"KM 3 VIA A MARSELLA";4,88838;-75,72716
"KM 8 VIA BUCRMANGA - RIONEGRO";7,1171;-73,12927
"PIB II ETAPA. SECTOR FORJANDES";7,1171;-73,12927
"Carrera 32A No  9-23 CUJACAL- BAJO BUESAQUILLO";1,22105;-77,26555
"KM 4 VIA GIRON No 48 - 80";7,11382;-73,11944
"KM 11 VIA CANDELARIA INTERIOR CAVASA";3,40739;-76,34881
"CAPITAL DE META";4,13235;-73,62193
"Calle 29 No. 36A - 54";8,74096;-75,86189
"FINCA VILLA ANGELA";6,14901;-75,37217
"Calle 46 A SUR No 48 - 121";6,25185;-75,57906
"Calle 55 # 5N-50 BARRIO FLORA";3,48156;-76,52352
"Carrera 35 No 1 W – 135 BARRIO SAN FRANCISCO";5,81243;-73,03312
"Calle 11 No 10 - 16 CORREGIMIENTO SAN ANTONIO DE PRADA";6,18116;-75,65499
"AU NORTE KM 29";6,41625;-75,39432
"Carrera 22 No 70 A- 21";4,66004;-74,06717
"Calle 68A No7C BIS-124";3,46153;-76,4861
"Carrera 49 No 131 A -26";4,71792;-74,05572
"Calle 149 No 45 - 30";4,73122;-74,0505
"Calle 40 No 14 - 36";3,44541;-76,50595
"TR 112B BIS A No 65A - 25 VILLA GLADYS";4,70747;-74,13787
"Avenida Calle 17 No 130 - 20 (NOMENCLATURA NUEVA)";4,69214;-74,16637
"KM 3 VIA ORIENTAL MALAMBO";10,86358;-74,77627
"Carrera 59 No 17-36";4,634;-74,1097
"Calle 98A No  69B-15";4,69192;-74,07583
"Avenida CIUDAD DE CALI N. 14-50";4,65895;-74,13621
"Calle 77 No 69K 21";4,68682;-74,08621
"KM 29 AUNORTE VIA A LA COSTA";6,43624;-75,33157
"Carrera 62 B No 33 SUR 93 VDA LA VERDE SAN ANTONIO DE PRADO (MEDELLIN)";6,24589;-75,57457
"Carrera 83 A No 32 B - 44";6,23372;-75,60633
"AU NORTE KM 29";6,41625;-75,39432
"CORREGIMIENTO LA BUITRERA, VDA CHONTADURO";3,49495;-76,20874
"Carrera 37 No 7 - 23";4,61327;-74,10285
"Calle 19 N 63-09 BARRIO LA VENTA";4,3331;-74,36763
"Calle 86 D No 49C-22 BARRIO PATRIA";4,67775;-74,06529
"KM 5 VIA AL CORREGIMIENTO DE BONDA";11,23541;-74,12816
"Carrera 32 NO 4B- 03 PARQUE NATURAL MANGUERA DE BONDA";11,23541;-74,12816
"KM 7 VIA A GAIRA";11,18923;-74,22097
"Calle 30 FRENTE ENTRADA AL AEROPUERTO ERNESTO CORTISSOZ";10,88639;-74,77631
"Calle 10 SUR NO 10 - 33";2,92786;-75,27897
"CALLEJON VIA A CANANGUA";3,76424;-76,33293
"KM 8 VIA CALI CANDELARIA CLJON SAN JUAN";3,41211;-76,43811
"Carrera 6 No 15-114 CORREGIMIENTO DE ANACARO";4,78898;-75,96847
"Carrera 143 No 0-84";3,69973;-76,31777
"KM 3 VIA BUGA - TULUA";3,90089;-76,29783
"KM 2 , VDA LA MIEL";6,1018;-75,62125
"VDA PALESTINA KM 6 VIA EL PEÑOL GUATAPE";6,20446;-75,21067
"KM 2 VIA AL AEROPUERTO EL EDEN";4,46133;-75,76652
"SINDATO";4,13235;-73,62193
"Calle 4 No 5-27";7,08342;-73,09867
"PLANTA DIAMANTE - VDA GUATIGUARA";6,98905;-73,04361
"KM 13  VIA CALI – POPAYAN";2,4442;-76,61411
"KM 63 VIA BOGOTA VILLETA VDA LA MARIA";4,87901;-74,43744
"AUTOPISTA MEDELLIN KM 15 PARQUE AGROINDUSTRIAL DE OCCIDENTE, BODEGA 94";4,80931;-74,10226
"Calle 79 C No 16C-12";4,67593;-74,07423
"Calle 1 Carrera 1 CIUDADELA INDUSTRIAL DUITAMA";5,83759;-73,02246
"VDA PALESTINA KM 6 VIA EL PEÑOL GUATAPE";6,20446;-75,21067
"Carrera 33 No 10-36";4,61328;-74,09773
"Carrera 69 No 16-70";4,64384;-74,12146
"SINDATO";3,40739;-76,34881
"Carrera 30 No  28A-180 BARRIO HIPODROMO";10,92738;-74,77791
"Calle 102 A No 70-49";4,69586;-74,07414
"Calle 17 B No 32-28";4,67719;-74,14947
"Calle 16 D No 78 G 95 BARRIO VISION COLOMBIA BOGOTA";4,61496;-74,06941
"Calle 17 No 78 G-18";4,65452;-74,13142
"Carrera 32 No  10-07";4,61188;-74,09696
"Avenida LOS ALAMOS Calle LAURALES VIA MAMONAL KM 1";10,36265;-75,50776
"Avenida CIRCUNVALAR NO 1 - 64";4,80821;-75,67915
"ANILLO VIAL PREDIO 2 - 46";7,09521;-73,16741
"CL16C No78G-56";4,61496;-74,06941
"Carrera 123 NO  15A - 51";4,68551;-74,16167
"KM5 VIA CERETE CIENAGA DE ORO";8,87167;-75,619
"Calle 69A- No 90-33";4,6939;-74,11125
"Calle 16C No 78G-48";4,65217;-74,13295
"Calle 168 N 19B-25";4,74837;-74,04273
"Calle 15 N 26-3 URBANIZACION HELENA 1";7,1338;-73,12106
"FINCA LA SELVA UBICADA EB¡N EL PAREJE LA LINDA";5,06465;-75,50755
"KM 2 VIA AL SUR VDA CHAVEZ";1,20951;-77,27665
"Carrera 68D No 12-37 interior 1  y  4";4,63717;-74,12327
"Calle 72 No 64 C - 151 BODEGA 107 - 108";6,24288;-75,6016
"KM 3 VIA LOS SANTOS";6,94138;-73,03658
"Carrera 63 No 44 - 35 ALAMEDA - RIONEGRO";6,13682;-75,38929
"VDA SAN JOSE KM 13 VIA FONTIBON- MOSQUERA";4,70197;-74,23288
"FINCA MONTE BLANCO Calle 7 No. 7 - 47";3,72211;-76,26645
"VDA VILLAVANEGAS";4,1106;-76,23171
"VDA ALTO DEL MOLINA FINCA EL SILENCIO";5,10726;-74,50216
"VDA CACIQUE IZQUIERDO, FINCA LA PALESTINA";4,48404;-73,93403
"Carrera 9 N 27-27 BARRIO MANILA";4,34293;-74,36401
"FINCA LA ESMERALDA, VDA BARIRI MARGEN IZQUIERDA  VIA A PALMAS DE SOCORRO";6,46919;-73,26065
"FRACCION RAMOS ASTILLEROS PREDIO EL MIRADOR DEL PORVENIR IBAGUE (TOLIMA)";4,43502;-75,21948
"CORREGIMIENTO AGUA CLARA CLJON EL MATE 33-03";4,11629;-76,19494
"CALLEJON LOS ALPES VDA CUCHITOLO FINCA SANTA FE VILLA GORGONA";3,40739;-76,34881
"Calle 25 N 71-13";4,33261;-74,37446
"CHINAUTA, KM 56 VIA BOGOTA-GIRARDOT, CALZADA HACIA BOGOTA DC";4,29528;-74,45754
"Carrera 81 NO 34A - 37 S";4,63429;-74,15662
"TR 81 No 34 A -26  SUR";4,67484;-74,06709
"TR 81 No  34 A- 12  SUR";4,61579;-74,09657
"TR 81 No 34A - 59 SUR";4,63387;-74,15667
"TR 81 NO 34A - 35 SUR";4,63431;-74,15662
"VDA AZAFRANAL VIA EL RETIRO";4,46937;-74,38387
"TR 81B N 34A-06 SUR";4,63494;-74,15764
"Carrera 81 F N 2B-34";4,66608;-74,12291
"Carrera 32 NO 4 B-03 PARQUE NATURAL MANGUERA DE BONDA";11,22656;-74,19874
"VDA BAJO GUAMITO";5,88588;-73,64585
"VDA EL RIO FINCA BUENOS AIRES OCAMONTE";6,28613;-73,14758
"FINCA LA PEÑUELA, VIA MESA DE LOS SANTOS, ANTES DEL PEAJE.";6,98905;-73,04361
"KM 1 VIA PUERTO SANTANDER, SECTOR PERACOS";7,9542;-72,50651
"KM 1 VIA PUERTO SANTANDER, SECTOR PERACOS";7,9542;-72,50651
"Calle 15 N 26-3 URBANIZACION HELENA 1";7,1338;-73,12106
"MARGEN DERECHA VIA SAN GIL CABRERA";6,56075;-73,17348
"Calle 26 N 1-05";7,12244;-73,14151
"KM 6 VIA COROZAL SINCELEJO MARGEN IZQUIERDA";9,31945;-75,29288
"VDA CHOCOLATE CORREGIMIENTO MATEO GOMEZ";8,84547;-75,82985
"KM 1 SALIDA LOS PALMITOS BRR EL JARDIN";9,38097;-75,27081
"Calle 1B N 3-76 SABANAS DE MEDELLIN  - MORROA";9,33531;-75,30542
"KM 52,2 VIA PASTO LA UNION NARIÑO";1,4725;-77,0808
"VDA EL PORVENIR";0,89573;-77,71338
"VDA SANTA TERESA IBAGUE ( TOLIMA)";4,43502;-75,21948
"Calle 12 SUR N 6-10";2,93489;-75,26676
"KM 2 VIA IBAGUE - ROVIRA";4,43502;-75,21948
"KM 1 VIA VDA CAY";4,43502;-75,21948
"VIA ANTIGUA MANIZALEZ - CHINCHINA BAJO TABLAZO KM 4,5 DESDE LA ESTACION URIBE";5,06465;-75,50755
"Carrera 20N NO 17N - 20 CASA 55 VDA HOJAS ANCHAAS";4,62046;-75,63323
"VDA MONSERRATE FINCA LA ILUSION";4,87105;-75,62397
"FINCA LA SELVA UBICADA EB¡N EL PAREJE LA LINDA";5,06465;-75,50755
"KM 4 VIA PUEBLO TAPAO";4,53004;-75,68836
"VDA PUEBLO RICO - FINCA EL BRASIL";4,6235;-75,76367
"FINCA LAS PALMAS VDA SANTA TERESA CORREGIMIENTO MORELIA";4,80506;-75,6937
"Carrera 9A N 11-57";5,61447;-73,8189
"VDA TOCOGUA";5,83759;-73,02246
;7,90966;-72,5041
"VDA BUENA VISTA";1,51355;-77,04729
"TR 81 No 34 A -65 SUR";4,66098;-74,07629
"Calle 22 No.66 A - 38";4,32899;-74,3862
"VDA BUENOS AIRES BAJO FINCA LA CABAÑA";4,53019;-75,64113
"FINCA LA SIBERIA, VIA SAN JUAN DE ARAMA, TROCHA 11 KM 3.5";3,54651;-73,70724
"Carrera 15 Calle  19 ESQUINA";10,89623;-74,88602
"Carrera 47 No.58-34 OF. 201";10,77378;-73,00111
"VDA PUEBLO VIEJO VIA UBATE";4,92543;-73,94437
"Calle 25 No. 0 - 30  BARR LA FERIA";7,12263;-73,14139
"KM 3 VIA NEVADO ZONA INDUSTRIAL CHAPETON";4,4377;-75,23863
;6,64719;-75,46025
"Calle 22 No 41A - 18";1,23248;-77,28305
"PALACIO MUNICIPAL";5,42103;-75,70286
"Avenida INDUSTRIAL KM 1 VIA ZIPAQUIRA BOGOTA";5,02576;-74,0029
"Calle 11 No 10 - 16 CORREGIMIENTO SAN ANTONIO DE PRADA";6,18116;-75,65499
"KM 3 VIA A MARSELLA";4,88838;-75,72716
"KM 13 VIA LA VIRGINIA - SANTUARIO, HACIENDA VILLA CRMEN, VDA PLAYA RICA";5,07362;-75,96339
"Calle 9 NO 15 - 21";5,06084;-75,87217
"AU NORTE KM 29";6,41625;-75,39432
"KM 15 VÍA TURBO – VDA AGUAS DULCES CORREGIMIENTO CURRULAO";8,09298;-76,72895
"Carrera 6 BERRIO No 1 - 74";5,59797;-75,82007
"Calle 34 No  12 - 61";5,4522;-75,65012
"Calle 59 BB No 69 - 379";6,34911;-75,51783
"Carrera 20 No 17-13";6,32591;-75,76878
"Carrera 17 NO 60 -  269";5,06125;-75,48392
"Carrera 48 No 49 B SUR 45";6,16282;-75,60289
"KM 1, VIA SAN RAFAEL";7,79177;-74,77316
"Avenida MEDELLIN PLAZA DE FERIAS";6,30276;-75,56234
"VDA EL CHAGUALO KM 1.5 VIA EL PEÑOL";6,17388;-75,33439
"PARAJE EL SOCORRO";6,44676;-74,87749
"Carrera 30 VIA MORALES";4,08177;-76,19511
"Carrera 17 No 46-30 BARRIO SUCRE";5,75327;-72,92044
"Carrera 8 Calle 5 VIA A PEAZ";5,19686;-73,14463
"KM 0.5 DE ABEJORRAL VIA EL CAIRO-SANTA BARBARA";5,78951;-75,42729
"PARAJE LA FLORIDA KM 1 CABECERA MUNICIPAL";6,88547;-75,33491
"Calle 13 No 22 - 151";6,4395;-75,3353
"Calle 59 BB No 69 - 314";6,34911;-75,51783
"SALIDA CAMPAMENTO - YARUMAL";6,96005;-75,33449
"Calle CONDE SECTOR EL MOLINO";5,54879;-75,6441
"SALIDA A PUERTO BERRIO KM 1";6,53857;-75,08755
"Carrera 48 No 445 - 85 VDA 11";5,85366;-76,01921
"KM 1 VIA CONCORDIA - BETULIA SECTOR PEÑITAS";6,04647;-75,90703
"Carrera 9 No  11 - 78";7,00369;-76,26651
"Carrera 29 No 25 - 63";6,07999;-75,33255
"Carrera 50 No 70 - 36";5,92956;-75,67374
"SECTOR MATADERO";5,79274;-75,78639
"Calle 103 EE No 63 D 70";6,3063;-75,58505
"BARRIO LA MILAGROSA";5,61015;-75,17626
"Calle 64 Carrera 12 BARRIO NUEVO HORIZOLTE";6,49008;-74,40616
"Calle MARIA DEL PARDO, 0,5 KM VIA OTU";7,02812;-74,69495
"TR 49 No 33 - 200";6,14901;-75,37217
"VDA BALSAS, 1,5 KM VIA SAN CARLOS";6,29522;-75,02812
"0,7 KM. HACIA EL POTRERO, SECTOR LA CANCHA";6,30587;-75,37365
"JUAN KM 6 VIA A LA COSTA";6,64719;-75,46025
"KILOMETRO 2,5 VEREDA RIO ARRIBA";5,71281;-75,27945
"KILM 1 VIA LA COSTA OFICINA CLL 22  19-33 PISO 2";6,96263;-75,41777
"Carrera 23 No 22 B - 86 SECTOR LA VEGA";7,20915;-75,90177
"KM 3 VIA ORIENTAL MALAMBO";10,86358;-74,77627
"Carrera 4 Calle 7 ESQUINA PLAZA PALACIO MUNICIPAL";5,23307;-75,78605
"PALACIO MUNICIPAL";5,42103;-75,70286
"KM 6  VIA A NORCASIA";5,45461;-74,66294
"Carrera 4 NO 18 - 34";5,40123;-75,54595
"PALACIO MUNICIPAL";5,42103;-75,70286
"SALIDA A SALAMINA SECTOR LAS MARGARITAS";5,52655;-75,4595
"Carrera 7 CON Calle 10 ESQUINA";5,42126;-75,70271
"KM 5 VIA A MORELIA";1,61165;-75,61055
"Carrera 3 E No 14 A - 98";2,44781;-76,58466
"BARRIO SAMPER PIZANO";5,6922;-76,65722
"BARRIO SANTA CECLILIA “CASCO URBANo”";4,76054;-74,46317
"Avenida CIRCUNVALAR TV 21";2,92095;-75,2852
"Carrera 1 NO 8A - 96 BARRIIO LA POLA";2,38931;-75,89099
"Carrera 14 NO 14 - 00 BARRIO PORVENIR";1,86392;-76,0471
"Carrera 5 NO 81S - 45 KM 12 VIA AL SUR";2,77882;-75,25819
"CAPITAL DE META";4,13235;-73,62193
"Carrera 3 Avenida PERIMETRAL IPIALES";0,82253;-77,62027
"KM 1 VIA CALARCA SECTOR LA MARIA";4,53087;-75,66594
"Carrera 6 N 12-27 PLAZA BOLIVAR";4,45378;-75,79056
"INSTITUTO AGROINDUSTRIAL SAN CLMENTE";5,31555;-75,79807
"PALACIO MUNICIPAL";5,22261;-76,02959
"KM 8 VIA BUCRMANGA - RIONEGRO";7,1171;-73,12927
"VIA MANIZALEZ ENTRADA EL CAMPEON FRESNO";5,15421;-75,0408
"ZONA INDUSTRIAL CAHPETON KM 3 VIA AL NEVADO";4,4377;-75,23863
"KM 1 VIA A SANTA TERESA";4,92103;-75,06534
"Calle 16 No 25 - 42";3,90089;-76,29783
"Carrera 16 Calle 8 ED. CAM 4 PISO";4,33174;-75,82956
"KM 11 VIA CANDELARIA INTERIOR CAVASA";3,40739;-76,34881
"Carrera 3 No 9 -02 ALCALDIA MUNICIPAL";4,90923;-76,04252
"AUTOPISTA SUR NO 66 - 78";4,59847;-74,12603
"Avenida Carrera 86 NO 15 A - 91";4,65683;-74,13882
"CAPITAL DEL GUAVIARE";2,56869;-72,64097
"Calle 14 ESQUINA PARQUE PRINCIPAL, ALCALDIA MUNICIPAL";8,08153;-73,22091
"Carrera 4 No 6 -41";6,31318;-73,94898
"Calle 5 No 5 - 16 ALCALDIA MUNICIPAL";5,87568;-73,78293
"Carrera 4 No 7 - 12, 7267507";6,44366;-73,33446
"Carrera 3 No 5 - 104";6,00902;-73,67522
"Carrera 9 No 5A 15";-4,21867;-69,94001
"Calle 26 PUEBLO NUEVO";8,41408;-76,6423
"BARRIO EL EDEN";6,64487;-76,08422
"Carrera 49A No 52 -27";6,77231;-74,79808
"Carrera CORDOBA No 17 - 84 (VIA DE SALIDA AL MUNICIPIO DE ALEJANDRIA)";6,39423;-75,25812
"LA PLAYA KM 5 VIA TURBO";8,42742;-76,78301
"Calle 26 No 17 B - 56, BARRIO JORGE TULIO GARCES (CORREGIMIENTO DE DORADAL)";5,87229;-74,6408
"VDA PARAJE ATANASIO";5,87575;-75,56803
"Calle SAN PEDRO";6,4714;-75,16428
"PALACIO MUNICIPAL";5,61211;-72,97905
"SALIDA A PACORA SECTOR ZONA URBANA LA GRANJA";5,61217;-75,45652
"Carrera 6 NO 6 - 23";5,27212;-75,49121
"PALACIO MUNICIPAL";5,42103;-75,70286
"PALACIO MUNICIPAL";5,42103;-75,70286
"Calle 5 No 3 - 31";5,41172;-74,99189
"Carrera 8A CON Calle 18 BRR PUEBLO NUEVO";5,31695;-74,90502
"65 KM DE YOPAL";4,91904;-72,67475
"CAPITAL DE CASANARE";5,33529;-72,39373
"Carrera 6 Calle 18 SALIDA AL ALIZAL";4,38709;-76,07018
"CARTAGENITA KM 3 VIA BOGOTA";4,7883;-74,3349
"VDA RESGUARDO SEGUNDO, CUARTO EL CRISAL";4,81755;-73,63624
"Carrera 40 BARRIO LAS FERIAS";8,26458;-73,3586
"VDA EL TENDIDO VIA A LA GRAN VIA";2,38772;-75,54794
"BARRIO I DE MAYO";19,17599;-99,4255
"Carrera 2 ENTRE CLS 12 Y 13 BARRO LAS FERIAS";1,97354;-75,93206
"Carrera 14 Calle 15 ESQUINA ALCALDIA MUNICIPAL";1,08837;-77,61881
"Calle 11 No 17 - 15 BARRRIO LOS PRADOS";1,15464;-76,65383
"BARRIO SAN CRLOS SALIDA A BALBOA";4,90154;-75,87958
"ZONA INDUSTRIAL KM 2 VIA A CUCUTA";6,69802;-72,73333
"Calle 12 No 9 - 51 ALCALDIA MUNICIPAL";6,5544;-73,13359
"Calle 11 No 10 - 07 ALCALDIA MUNICIPAL";6,88001;-73,4109
"Calle 14 # 20 PAR- BARRIO NARANJITO";6,46919;-73,26065
"ALCALDIA MUNICIPAL";4,41021;-76,15387
"Calle 20 No 19 -36 SALIDA A SANTO DOMINGO";6,37766;-75,14114
"SALIDA POR LA Calle  DE LA LLANA";6,77301;-74,79842
"Calle 15 CON Carrera 19 ESQUINA";10,90135;-74,8874
"PALACIO MUNICIPAL";5,42103;-75,70286
"Calle 30 No 17 - 398 SECTOR MATADERO";5,96272;-75,97857
"VDA EL ZANCUDO";5,89163;-75,65747
"BARRIO MANGURUMA-SECTOR LA MANDARINA";6,78186;-76,12918
"Carrera 20 Y 21 CON Calle 19 B/O OSPINA PEREZ";2,35184;-76,68161
"Calle 13 CON Carrera 7";5,17056;-75,52034
"BARRIO LA PISTA";5,0204;-75,62291
"Carrera 3 NO 1 - IMPAR BARRIO URIBE URIBE";5,93096;-73,6165
"Carrera 5 Calle 9 ESQ";4,76232;-76,22028
"KM 10 VIA PUERO SANTANDER";7,9542;-72,50651
"KM 1 VIA LA VDA LA LAJITA MARGEN DERECHA";6,67138;-73,17457
"KM 1 VIA ANORI LA PLANCHA, FERIA DE GANADOS";7,08352;-75,20731
"BARRIO EL FUNDUNGO";7,02191;-75,90935
"BARRIO EL FUNDUNGO";7,02191;-75,90935
"Calle 5A NO 47C -100";8,2764;-76,37965
"BARRIO SAN JOAQUIN VIA SALIDA AUTOPISTA MEDELLIN -BOGOTA";4,70087;-74,09387
;7,11074;-75,55156
"VDA CENTRO KM 1 VIA BRICEÑO CHIQUINQUIRA";5,69059;-73,92356
"Carrera 5 Calle 6 ZONA USO MIXTO";5,03057;-73,10472
"KM 15 VDA MIARE VIA SAN PABLO DE BORBUR";5,6555;-73,97981
"Carrera 29 No 30 - 92 CASCO URBANO";5,73091;-75,14113
"Carrera 3 No 8-93 VDA LA DORADA";4,8195;-73,16886
"SALIDA A SALAMINA SECTOR LAS MARGARITAS";5,52655;-75,4595
"Carrera 4 A No. 3- 73 BARRIO EL POBLADO";1,03345;-75,92204
"KM 00+500 VIA TERCIARIA SOLITA";0,87495;-75,6193
"Calle 4 No 2 - 98 EL TAMBO CAUCA";2,45031;-76,80931
"Carrera 2 No 5-41, VDA EL CARRIZAL";4,48621;-73,89557
"80 KM DE SAN JOSE DEL GUAVIARE";2,56869;-72,64097
"KM 1.5 VDA BUENOS AIRES";1,3356;-71,95046
"VDA JORDAN BAJO";2,33186;-72,627
"KM 1 .5 VIA A VILLAVICENCIO";4,1503;-73,60687
"Calle 6A CON Carrera 4A BRR SAN JUAN BOSCO";1,47314;-77,58044
"VDA LA MARIA KM 3 VIA PUEBLO RICO";5,10693;-75,943
"Calle 5 NO. 4-20";6,34389;-73,37322
"Carrera 1 NO 5A-02";6,24674;-73,49364
"Carrera 3 No 5-104 BARRRIO PALENQUE";6,01227;-73,67351
"SALIDA VDA LA LORENA";5,03062;-75,116
"Carrera 4 No 7 - 09 ALCALDIA MUNICIPAL";4,79642;-75,994
"Carrera 3 No 9 -02 ALCALDIA MUNICIPAL";4,90923;-76,04252
"Carrera 5 No 0-16 ALTO DE LA CRUZ";4,76051;-76,222
"BARRIO VERACRUZ";5,48953;-70,41429
"CAPITAL DE VICHADA";6,18773;-67,48382
"Carrera 3 No 4 - 30";6,69844;-73,51108
"Calle 8 CON Carrera 5 ESQUINA SECTOR LA PESA VIA LA VIGEN";7,20253;-72,9659
"PALACIO MUNICIPAL";5,9302;-73,61828
"Carrera 3 Calle 8";5,16969;-73,36915
"VDA SAILAN";5,85895;-73,96611
"Carrera 12A NO 11 -26";7,96246;-74,05219
;7,11074;-75,55156
"SECTOR PIO X KM 4 DE LA CABECERA MUNICIPAL VIA SANTA RITA";7,17114;-75,76353
"Calle 5 No 4 - 40";6,98831;-73,05404
"Cl 19 N° 4 - 25";6,81495;-73,26798
"Calle 2 NO 3 BARRIO DIVINO NIÑO";4,05831;-74,69235
"VIA CASABIANCA - HERVEO VDA CARDAL";5,07916;-75,12054
"PALACIO MUNICIPAL";1,21036;-77,99399
"Calle 9A No 6 -60 ALCALDIA MUNICIPAL";4,57499;-76,19945
"Calle 21 NO 13 - 45";4,20721;-75,79117
"Carrera 6 NO 6 -13";5,33729;-75,72973
"206 KM DE YOPAL";4,78982;-71,33864
"KM 2 VIA AL COCO";3,87119;-67,9225
"Calle 1 # 3-50";41,66163;-3,21744
"VDA CENTRO";5,77001;-73,60421
"Calle 13 No 5 - 35";7,31046;-72,48286
"VDA PEDREGAL KM 1.3 VIA MUNICIPIO DE ARBOLEDAS";7,53916;-72,77282
"Calle 5 No 3 - 31";5,41172;-74,99189
"VIA TERMOPHILAS";5,62481;-72,42356
"VIA LA VICTORIA KM 2 VDA BALCON";5,52315;-74,18179
"VEREDA CENTRO VIA LA VICTORIA YACOPI";5,5234;-74,23433
"KM 1 VIA VDA SAN MARCOS";4,01067;-75,60506
"VDA SAILAN";5,85895;-73,96611
"PLANTA DE SACRIFICIO SAN MIGUEL, VDA SAN MIGUEL  DE SAN BERNARDO";4,17964;-74,42315
"VIA VDA MARMAJITO KM 1,5";7,07848;-74,70464
"KM 1 VIA ANORI LA PLANCHA FERIA DE GANADO - SECTOR LA RINCONADA";7,07463;-75,14784
"Calle 5A NO 47C -100";8,2764;-76,37965
"SECTOR PIO X KM 4 DE LA CABECERA MUNICIPAL VIA SANTA RITA";7,17114;-75,76353
"Calle 9A No 6 -60 ALCALDIA MUNICIPAL";4,57499;-76,19945
"VDA LA MARIA KM 3 VIA PUEBLO RICO";5,10693;-75,943
"Calle 21 NO 13 - 45";4,20721;-75,79117
"Calle 5 No 3 - 31";5,41172;-74,99189
"VIA VDA MARMAJITO KM 1,5";7,07848;-74,70464
